{"cameraMode":{"drawMode":0,"name":"Shaded","section":"Shading Mode"},"sceneLighting":true,"audioPlay":false,"sceneViewState":{"showFog":true,"showMaterialUpdate":false,"showSkybox":true,"showFlares":true,"showImageEffects":true,"showParticleSystems":true},"in2DMode":false,"pivot":{"x":9.934892654418946,"y":0.5078574419021606,"z":0.12093035131692887},"rotation":{"x":0.14779780805110932,"y":-0.8358186483383179,"z":0.27264344692230227,"w":0.453138530254364},"size":13.145543098449707,"orthographic":false}