{"cameraMode":{"drawMode":0,"name":"Shaded","section":"Shading Mode"},"sceneLighting":true,"audioPlay":false,"sceneViewState":{"showFog":true,"showMaterialUpdate":false,"showSkybox":true,"showFlares":true,"showImageEffects":true,"showParticleSystems":true},"in2DMode":false,"pivot":{"x":17.110200881958009,"y":1.1100730895996094,"z":1.278210163116455},"rotation":{"x":0.43682876229286196,"y":-0.41133156418800356,"z":0.2349669188261032,"w":0.7647098302841187},"size":58.40446853637695,"orthographic":false}