{"cameraMode":{"drawMode":0,"name":"Shaded","section":"Shading Mode"},"sceneLighting":true,"audioPlay":false,"sceneViewState":{"showFog":true,"showMaterialUpdate":false,"showSkybox":true,"showFlares":true,"showImageEffects":true,"showParticleSystems":true},"in2DMode":false,"pivot":{"x":-4.142068862915039,"y":-1.9120326042175294,"z":1.9294328689575196},"rotation":{"x":-0.1784975528717041,"y":0.685924232006073,"z":-0.1794605255126953,"w":-0.6822364926338196},"size":20.958698272705079,"orthographic":false}