{"cameraMode":{"drawMode":0,"name":"Shaded","section":"Shading Mode"},"sceneLighting":true,"audioPlay":false,"sceneViewState":{"showFog":true,"showMaterialUpdate":false,"showSkybox":true,"showFlares":true,"showImageEffects":true,"showParticleSystems":true},"in2DMode":false,"pivot":{"x":32.46261978149414,"y":-8.789440155029297,"z":-1.4679384231567383},"rotation":{"x":-0.5619304180145264,"y":0.010184645652770996,"z":-0.00687367795035243,"w":-0.8272197246551514},"size":42.50910568237305,"orthographic":false}