{"cameraMode":{"drawMode":0,"name":"Shaded","section":"Shading Mode"},"sceneLighting":true,"audioPlay":false,"sceneViewState":{"showFog":true,"showMaterialUpdate":false,"showSkybox":true,"showFlares":true,"showImageEffects":true,"showParticleSystems":true},"in2DMode":false,"pivot":{"x":3.151367664337158,"y":3.4286041259765627,"z":16.503643035888673},"rotation":{"x":0.05857539549469948,"y":-0.8279004096984863,"z":0.5508524775505066,"w":0.08798771351575852},"size":34.18657302856445,"orthographic":false}